{
    "desc": "avalon_1024",
    "scaling": "scaled",
    "method": "SVR",
    "C": 719.1041256145619,
    "kernel": "sigmoid",
    "coef0": 1.9312268499719032,
    "ntrials": 1000,
    "cv_splits": 10,
    "cv_repeats": 10,
    "jobs": 15,
    "timeout": 1200,
    "earlystop": [
        0,
        1
    ]
}