{
    "desc": "atompairs_1024",
    "scaling": "scaled",
    "method": "SVR",
    "C": 23.223602649749196,
    "kernel": "rbf",
    "coef0": 1.2059376527921608,
    "ntrials": 1000,
    "cv_splits": 10,
    "cv_repeats": 10,
    "jobs": 15,
    "timeout": 1200,
    "earlystop": [
        0,
        1
    ]
}