{
    "desc": "atompairs_1024",
    "scaling": "original",
    "method": "SVR",
    "C": 30.169576657949538,
    "kernel": "rbf",
    "coef0": -3.1896746917439756,
    "ntrials": 1000,
    "cv_splits": 10,
    "cv_repeats": 10,
    "jobs": 15,
    "timeout": 1200,
    "earlystop": [
        0,
        1
    ]
}